group,Morphology,ProliferationRate,EMT_score,classification,MigrationSpeed,Subtype,Cellosaurus_RRID,Cellosaurus_Cell_line_name
BT20,Epithelial-like,1.17,-1.33,TNBC,4.461157333,BasalA,CVCL_0178,BT-20
BT483,Epithelial-like,0.58,-3.22,NonTNBC,,Luminal,CVCL_2319,BT-483
BT549,Mesenchymal-like,2.92,10.6,TNBC,14.947575,BasalB,CVCL_1092,BT-549
CAMA-1,Unknown,0.97,-2.74,NonTNBC,3.33323575,Luminal,CVCL_1115,CAMA-1
DU4475,Suspension,0.97,-0.36,TNBC,,BasalA,CVCL_1183,DU4475
EVSA-T,Epithelial-like,1.94,-3.45,NonTNBC,6.568134833,Luminal,CVCL_1207,Evsa-T
HCC1143,Mesenchymal-like,1.17,-0.06,TNBC,22.004365,BasalA,CVCL_1245,HCC1143
HCC1187,Mesenchymal-like,,-1.54,TNBC,,BasalA,CVCL_1247,HCC1187
HCC1395,Mesenchymal-like,0.73,8.83,TNBC,11.39551175,BasalB,CVCL_1249,HCC1395
HCC1419,Epithelial-like,0.58,-3.13,NonTNBC,,Luminal,CVCL_1251,HCC1419
HCC1500,Epithelial-like,0.49,-1.39,NonTNBC,,Luminal,CVCL_1254,HCC1500
HCC1569,Epithelial-like,1.46,1.55,NonTNBC,6.121943667,BasalA,CVCL_1255,HCC1569
HCC1599,Suspension,,-2.23,TNBC,,BasalA,CVCL_1256,HCC1599
HCC1806,Mesenchymal-like,1.94,-0.71,TNBC,31.1603325,BasalA,CVCL_1258,HCC1806
HCC1937,Mesenchymal-like,1.46,-1.16,TNBC,20.85945333,BasalA,CVCL_0290,HCC1937
HCC1954,Epithelial-like,1.46,-1.77,NonTNBC,7.0351215,BasalA,CVCL_1259,HCC1954
HCC202,Epithelial-like,0.42,-3.1,NonTNBC,13.01036833,Luminal,CVCL_2062,HCC202
HCC2218,Suspension,,-4.47,NonTNBC,,Luminal,CVCL_1263,HCC2218
HCC38,Mesenchymal-like,1.46,8.66,TNBC,39.750645,BasalB,CVCL_1267,HCC38
HCC70,Mesenchymal-like,0.97,-1.4,TNBC,28.5877625,BasalA,CVCL_1270,HCC70
Hs578T,Mesenchymal-like,1.94,10.7,TNBC,37.85932,BasalB,CVCL_0332,Hs 578T
MCF-7,Epithelial-like,1.46,-2.99,NonTNBC,10.0491734,Luminal,CVCL_0031,MCF-7
MDA-MB-134VI,Round,0.58,-1,NonTNBC,6.8430745,Luminal,CVCL_0617,MDA-MB-134-VI
MDA-MB-157,Unknown,0.97,8.1,TNBC,,BasalB,CVCL_0618,MDA-MB-157
MDA-MB-175VII,Epithelial-like,0.58,-4.04,NonTNBC,8.262117,Luminal,CVCL_1400,MDA-MB-175-VII
MDA-MB-231,Mesenchymal-like,2.92,7.83,TNBC,35.5469925,BasalB,CVCL_0062,MDA-MB-231
MDA-MB-330,Epithelial-like,0.42,-2.96,NonTNBC,,Luminal,CVCL_0619,MDA-MB-330
MDA-MB-361,Epithelial-like,0.97,-3.17,NonTNBC,8.379792333,Luminal,CVCL_0620,MDA-MB-361
MDA-MB-415,Epithelial-like,0.73,-2.25,NonTNBC,6.8167352,Luminal,CVCL_0621,MDA-MB-415
MDA-MB-436,Mesenchymal-like,1.46,8.65,TNBC,9.2302975,BasalA,CVCL_0623,MDA-MB-436
MDA-MB-453,Round,0.97,-4.73,NonTNBC,4.15747325,Luminal,CVCL_0418,MDA-MB-453
MDA-MB-468,Round,1.46,-2.27,TNBC,8.91152175,BasalA,CVCL_0419,MDA-MB-468
MPE600,Unknown,0.73,-3.6,NonTNBC,5.888881667,Luminal,CVCL_9875,600MPE
OCUB-F,Suspension,,-2.44,NonTNBC,,Luminal,CVCL_3352,OCUB-F
OCUB-M,Round,,,NonTNBC,11.74715667,Luminal,CVCL_1621,OCUB-M
SK-BR-3,Epithelial-like,1.17,-4.01,NonTNBC,4.19696675,Luminal,CVCL_0033,SK-BR-3
SK-BR-5,Unknown,,-3.92,NonTNBC,,Luminal,CVCL_5217,SK-BR-5
SK-BR-7,Mesenchymal-like,,7.41,TNBC,13.33572967,BasalB,CVCL_5218,SK-BR-7
SUM102PT,Mesenchymal-like,0.58,10.14,TNBC,5.6832195,BasalB,CVCL_3421,SUM102PT
SUM1315MO2,Mesenchymal-like,0.58,9.21,TNBC,10.30062033,BasalB,CVCL_5589,SUM1315MO2
SUM149PT,Mesenchymal-like,1.94,1.38,TNBC,16.96056,BasalB,CVCL_3422,SUM149PT
SUM159PT,Mesenchymal-like,2.92,9.74,TNBC,19.86324,BasalB,CVCL_5423,SUM159PT
SUM185PE,Epithelial-like,0.73,-3.78,TNBC,6.653329833,BasalA,CVCL_5591,SUM185PE
SUM190PT,Epithelial-like,0.73,-2.67,NonTNBC,10.58567267,BasalA,CVCL_3423,SUM190PT
SUM229PE,Mesenchymal-like,0.58,-0.96,TNBC,11.28821425,BasalA,CVCL_5594,SUM229PE
SUM44PE,Round,0.73,-1.88,NonTNBC,5.809404833,Luminal,CVCL_3424,SUM44PE
SUM52PE,Epithelial-like,0.97,-2.93,NonTNBC,6.602306,Luminal,CVCL_3425,SUM52PE
T47D,Epithelial-like,1.17,-2.73,NonTNBC,6.494450833,Luminal,CVCL_0553,T-47D
UACC812,Epithelial-like,1.37,,NonTNBC,7.005784667,Luminal,CVCL_1781,UACC-812
UACC893,Epithelial-like,0.49,-3.27,NonTNBC,6.200481167,Luminal,CVCL_1782,UACC-893
ZR75-1,Epithelial-like,1.17,-3.34,NonTNBC,7.336493667,Luminal,CVCL_0588,ZR-75-1
ZR75-30,Epithelial-like,0.29,-3.9,NonTNBC,,Luminal,CVCL_1661,ZR-75-30
